Name,Nom_couran,2026-01-18,2026-01-19,2026-01-20,2026-01-21,2026-01-22,2026-01-23,2026-01-24,2026-01-25,2026-01-26,2026-01-27,2026-01-28,2026-01-29,2026-01-30,2026-01-31,2026-02-01,2026-02-02,2026-02-03,2026-02-04,2026-02-05,2026-02-06,2026-02-07,TOTAL_ha
ERMILATE,,916.3678793962788,916.3678793962786,916.3678793962786,1490.2472401597688,1405.6614073214305,1405.6614073214307,1405.6614073214305,1405.6614073214305,1405.6614073214307,2358.487385375032,1955.9973911817845,1955.9973911817845,1955.997391181785,1955.997391181785,1955.9973911817845,5565.743866339483,6392.4201943078015,6392.4201943078015,6392.4201943078015,6392.4201943078015,6392.4201943078015,60933.97709411819
MOGRANE,,1176.4922671620327,1176.4922671620327,1176.4922671620327,1480.2538194670676,1450.3691355016256,1450.3691355016254,1450.3691355016256,1450.3691355016254,1450.3691355016256,1755.9359679025215,1653.6454309475646,1653.6454309475646,1653.6454309475646,1653.6454309475646,1653.6454309475646,2181.2702100521547,3635.840859886009,3635.840859886009,3635.840859886009,3635.840859886009,3635.8408598860083,42646.213930583835
AL HAOUAFATE,,314.16476808602135,314.1647680860213,314.16476808602135,448.49077413453347,293.31229358343387,325.01656572548063,325.0165657254807,325.0165657254807,325.0165657254807,809.3329708188763,676.9337856539497,679.7461264423206,679.7461264423206,679.7461264423206,679.7461264423206,4807.750637068601,4692.068184679339,4729.772731067458,4729.772731067458,4729.772731067458,4729.772731067458,35608.52464313784
OULAD HCINE,,552.6672550888837,552.6672550888837,552.6672550888837,436.1724602155379,219.50143603835159,923.4063515936522,923.406351593652,923.4063515936522,923.406351593652,444.6300765088968,266.3420367297124,525.0694273802036,525.0694273802036,525.0694273802036,525.0694273802036,3014.079193819496,2460.678852164414,3727.130864031253,3727.1308640312536,3727.1308640312536,3727.130864031253,29201.832392763496
AMEUR SEFLIA,,1903.614595984581,1903.6145959845808,1903.614595984581,1458.8328126247873,1100.606949417581,1100.606949417581,1100.606949417581,1100.606949417581,1100.606949417581,1034.0196811461683,1431.525998764038,1431.5259987640377,1431.5259987640377,1431.525998764038,1431.525998764038,971.7853435237386,1009.7342382448201,1009.7342382448202,1009.7342382448202,1009.7342382448202,1009.7342382448204,26884.817557380626
SIDI AL KAMEL,,455.0007587520343,455.0007587520343,455.0007587520344,705.0338712919349,599.226533326081,599.2265333260808,599.226533326081,599.226533326081,599.226533326081,733.3175703136849,651.7324665801642,651.7324665801642,651.7324665801642,651.7324665801642,651.7324665801642,1376.8041833387067,3027.7411817065067,3027.7411817065076,3027.741181706507,3027.741181706507,3027.7411817065076,25573.658809264194
AIN DFALI,,1115.944278976584,1115.944278976584,1115.944278976584,1309.6218139235195,581.3623720801259,1800.3259985574641,1800.3259985574641,1800.3259985574643,1800.3259985574641,1010.0708547949577,301.33436847590434,1056.9319467912023,1056.9319467912023,1056.9319467912023,1056.9319467912023,989.5833413776717,378.3527024615,1338.5814841006531,1338.5814841006531,1338.5814841006531,1338.5814841006531,24701.516007840713
SIDI AZZOUZ,,999.759640826966,999.7596408269665,999.7596408269662,699.972246144433,334.84478682155236,1286.9105877761303,1286.91058777613,1286.9105877761303,1286.9105877761301,539.8555733104392,204.95042241114,907.3341478829778,907.3341478829775,907.3341478829778,907.3341478829777,805.7998658420582,815.2493805163933,2180.100707488463,2180.100707488463,2180.100707488463,2180.100707488463,23897.332970117193
BEN MANSOUR,,767.1390145800061,767.1390145800061,767.1390145800061,1139.336818967381,1106.0648385748175,1106.0648385748175,1106.0648385748175,1106.0648385748175,1106.0648385748175,1180.9567615479236,901.4788808739155,901.4788808739155,901.4788808739157,901.4788808739155,901.4788808739155,1392.0792971331311,1081.9479616700055,1081.9479616700055,1081.9479616700057,1081.9479616700057,1081.9479616700053,21461.248326982142
BAHHARA OULAD AYAD,,667.6544746840412,667.6544746840412,667.6544746840412,925.7730343501071,897.1936085625382,897.1936085625384,897.1936085625384,897.1936085625384,897.1936085625382,1116.5339945470234,893.2953566215126,893.2953566215126,893.2953566215126,893.2953566215126,893.2953566215126,1491.3489054761342,1350.2600931818706,1350.2600931818704,1350.2600931818704,1350.2600931818706,1350.2600931818704,21240.364650254996
LAMRABIH,,923.4696429257262,923.469642925726,923.4696429257262,1291.7112227428124,434.0259447680545,1480.0606348921954,1480.0606348921954,1480.0606348921954,1480.0606348921954,768.0165509639846,233.5871303846771,707.3320675719258,707.3320675719258,707.3320675719258,707.3320675719258,1161.7007169851147,632.1101007706706,1277.6180000818108,1277.6180000818108,1277.618000081811,1277.6180000818108,21151.603405576217
AMEUR CHAMALIA,,774.7483741918707,774.7483741918708,774.7483741918707,900.6674966259405,663.2337729848347,663.2337729848347,663.2337729848347,663.2337729848347,663.2337729848348,865.1941504644295,829.0967642772479,829.096764277248,829.0967642772481,829.096764277248,829.096764277248,792.6273393502031,1577.5140025050746,1577.5140025050746,1577.5140025050746,1577.5140025050746,1577.5140025050746,20231.956807851977
KCEIBYA,,1815.790237025446,1815.7902370254458,1815.790237025446,1498.2813807215314,742.9529337579827,742.9529337579826,742.9529337579826,742.9529337579827,742.9529337579826,679.3013923657587,1042.728574775773,1042.728574775773,1042.728574775773,1042.7285747757733,1042.728574775773,657.6546838553157,539.0478740582396,539.0478740582395,539.0478740582395,539.0478740582395,539.0478740582396,19906.25508097892
MOULAY ABDELKADER,,1095.933630722501,1095.933630722501,1095.9336307225008,630.1480459681014,279.35859198014805,1259.3575372703285,1259.3575372703285,1259.3575372703285,1259.3575372703283,548.7858240447639,108.11009546110262,904.8923657269286,904.8923657269288,904.8923657269286,904.8923657269286,345.81398734603573,301.0615578929826,1267.008890506472,1267.008890506472,1267.008890506472,1267.008890506472,19226.114168875552
OULAD NOUEL,,848.3656207706707,848.3656207706707,848.3656207706705,754.7326377306412,274.86819275152476,1305.844984486443,1305.844984486443,1305.844984486443,1305.844984486443,416.2668700416595,130.52426616986446,677.292671226639,677.2926712266391,677.2926712266391,677.292671226639,890.8978836942306,654.3831781325516,1384.399244245773,1384.399244245773,1384.399244245773,1384.3992442457727,19136.917490667904
SEFSAF,,251.3715911289111,251.37159112891104,251.37159112891098,374.4983469032796,220.91086543169808,220.91086543169808,220.91086543169808,220.91086543169803,220.91086543169808,270.26936906606636,263.04394573375026,263.04394573375026,263.04394573375026,263.04394573375026,263.0439457337503,1868.9384975924029,2595.4362451869824,2595.4362451869824,2595.436245186982,2595.436245186982,2595.4362451869824,18664.776268710633
DAR BEL AMRI,,1528.8241343949626,1528.8241343949624,1528.8241343949624,1304.8860529101319,615.0821067177925,714.6088831825406,714.6088831825407,714.6088831825407,714.6088831825406,544.9396241836729,714.519221637406,789.5203386488613,789.5203386488613,789.5203386488613,789.5203386488613,553.320953722977,440.17466069521436,507.4587115944777,507.45871159447756,507.4587115944777,507.45871159447756,16805.746756755598
HADDADA,,1504.9048361098585,1504.9048361098585,1504.9048361098585,888.4118729917161,572.7503552059278,572.7503552059279,572.7503552059279,572.7503552059279,572.750355205928,325.9097132818124,856.5224871010217,856.5224871010216,856.5224871010216,856.5224871010216,856.5224871010217,447.88717570576983,424.76093653915115,424.76093653915103,424.76093653915115,424.76093653915103,424.76093653915115,15447.092164539374
ZAGOTTA,,518.0614396904562,518.061439690456,518.061439690456,485.2628127641865,149.85482430458217,1545.37484570705,1545.37484570705,1545.37484570705,1545.37484570705,163.76659132001092,105.40814486530378,664.6367593470317,664.6367593470316,664.6367593470318,664.6367593470318,140.47854805520453,184.033524833386,605.1671390539909,605.1671390539909,605.1671390539909,605.1671390539909,14043.70374164633
TAOUGHILT,,720.3003097778081,720.3003097778081,720.3003097778081,949.2626392006907,276.1128814752556,1090.321278266027,1090.321278266027,1090.321278266027,1090.321278266027,422.8529682218784,189.90420883909937,484.94182381160965,484.94182381160965,484.94182381160965,484.94182381160965,575.3263327234963,330.2958898792102,702.7816215987862,702.781621598786,702.7816215987859,702.7816215987862,14016.834744378746
BAB TIOUKA,,494.7521731413241,494.7521731413241,494.7521731413241,603.2899685871914,246.8214614307718,1339.4108384101544,1339.4108384101544,1339.4108384101542,1339.4108384101544,258.04975394737096,158.56289646549004,604.5467377594953,604.5467377594953,604.5467377594953,604.5467377594953,204.10277007234458,186.8472524900907,553.6831024261234,553.6831024261236,553.6831024261235,553.6831024261235,13132.493336800324
MNASRA,,645.0074266209263,645.0074266209261,645.0074266209263,632.6264553846651,578.9578085617125,578.9578085617125,578.9578085617125,578.9578085617125,578.9578085617125,497.00407075538783,717.1736309299364,717.1736309299365,717.1736309299364,717.1736309299364,717.1736309299364,473.3512068672807,609.7272156548953,609.7272156548953,609.7272156548953,609.7272156548952,609.7272156548953,13067.297288602833
DAR LAASLOUJI,,465.0037072734399,465.0037072734399,465.0037072734399,419.94189733116013,217.02295542093907,421.68912203056783,421.68912203056783,421.68912203056783,421.68912203056783,375.0150973528813,354.53302232869464,413.837456042289,413.837456042289,413.8374560422889,413.8374560422889,891.9350198218132,1018.2966311111388,1218.8881497594496,1218.8881497594498,1218.8881497594496,1218.8881497594493,12889.414656516175
MSAADA,,328.66826266721233,328.66826266721233,328.66826266721233,231.66490376542635,115.65902871528175,460.7461273493988,460.7461273493988,460.74612734939876,460.7461273493988,259.7342318613448,174.84962716466572,300.58891549251774,300.5889154925178,300.58891549251774,300.5889154925178,1207.3897162338676,1105.748804766774,1440.5359827648206,1440.5359827648206,1440.5359827648206,1440.5359827648206,12888.535202935947
BENI MALEK,,590.4435097906613,590.4435097906613,590.4435097906613,938.0109936446607,440.5078363319666,472.9433904208074,472.94339042080753,472.94339042080753,472.94339042080736,822.7062163755054,451.55573814798987,476.6252650022857,476.62526500228586,476.62526500228586,476.62526500228586,766.055019640347,728.6423336437988,744.9750771607762,744.9750771607762,744.9750771607762,744.9750771607762,12696.98359749173
TEKNA,,463.4418364381559,463.4418364381558,463.4418364381559,712.3306039492498,259.482845220325,988.9546387362972,988.9546387362968,988.9546387362972,988.9546387362972,363.71720692685597,187.93740573702942,406.5401684133851,406.5401684133851,406.5401684133851,406.5401684133851,321.6717461916217,167.58096776835123,510.7479711749867,510.7479711749867,510.7479711749867,510.74797117498656,11028.01739840658
OULAD SLAMA,,496.57230954186537,496.57230954186537,496.57230954186525,513.159455957151,514.0937271530091,514.0937271530091,514.0937271530091,514.0937271530091,514.0937271530091,416.06494116303094,516.5189806828877,516.5189806828877,516.5189806828877,516.5189806828876,516.5189806828877,412.0450658173805,591.2399385250914,591.2399385250915,591.2399385250914,591.2399385250915,591.2399385250914,10940.249623368101
SIDI MOHAMED LAHMAR,,354.8359919812611,354.83599198126103,354.83599198126103,571.524402479643,340.0342886493757,340.0342886493757,340.0342886493757,340.0342886493757,340.0342886493757,520.1065936259193,382.3781739348767,382.3781739348767,382.3781739348767,382.3781739348767,382.3781739348767,962.6998620608939,837.7066368624219,837.7066368624219,837.7066368624219,837.7066368624219,837.706636862422,10919.434331343611
SELFAT,,368.01926054059203,368.01926054059203,368.01926054059203,1180.9031882139798,409.9742677664723,947.9835490605492,947.9835490605494,947.9835490605492,947.9835490605492,455.84073944158814,331.0010690186864,378.1482042249612,378.1482042249612,378.1482042249612,378.1482042249612,443.74146022200034,119.78099231503953,372.7289730777996,372.7289730777996,372.7289730777996,372.7289730777996,10840.74240405278
SIDI MHAMED CHELH,,301.7402793930472,301.7402793930473,301.7402793930473,220.2820270021087,124.42598534681132,461.95346959104046,461.95346959104046,461.95346959104046,461.95346959104046,188.38667765149884,86.05718229778213,319.97971954757395,319.979719547574,319.979719547574,319.97971954757406,541.8539562174838,456.3171829463465,1250.2494723969942,1250.2494723969942,1250.249472396994,1250.249472396994,10651.274495783608
BNI OUAL,,665.7617469713038,665.7617469713036,665.7617469713036,518.486073259397,207.76273305239206,812.0952935590797,812.0952935590797,812.0952935590797,812.0952935590797,451.31232153177893,70.7958865912703,479.8216299252619,479.8216299252618,479.8216299252619,479.8216299252618,347.02166331893613,133.31091191878974,437.73832370587513,437.73832370587525,437.73832370587513,437.73832370587513,10644.59581934734
SIDI TAIBI,,994.4963435203043,994.4963435203043,994.4963435203042,441.99819547528426,425.4867732702637,425.4867732702637,425.4867732702637,425.4867732702637,425.4867732702637,180.8555130393952,625.1210118709909,625.1210118709909,625.1210118709909,625.1210118709909,625.1210118709909,223.9967015341366,278.33916446138267,278.33916446138267,278.33916446138267,278.33916446138267,278.33916446138267,10475.074188622913
SOUK TLET EL GHARB,,307.54161021592074,307.54161021592074,307.54161021592074,641.7031101801733,311.0857746371162,311.0857746371162,311.0857746371162,311.0857746371162,311.0857746371162,600.2143754810767,328.91390301696765,328.9139030169677,328.9139030169677,328.91390301696777,328.91390301696777,858.6009861901257,839.3285125506951,839.3285125506952,839.3285125506952,839.3285125506951,839.3285125506951,10419.784253523036
KHNICHET,,334.78870839680985,334.78870839680974,334.78870839680974,328.63944581023577,144.88233939060586,582.5860246569706,582.5860246569706,582.5860246569706,582.5860246569707,248.16018071159814,118.26681157951802,284.82601482818,284.82601482818006,284.82601482818006,284.82601482818,617.4538644432995,524.7685758255063,837.3328584079997,837.3328584079997,837.3328584079997,837.3328584079997,9805.516934523794
KENITRA,,567.9561903378116,567.9561903378116,567.9561903378116,386.6426335223389,411.39825312142165,411.3982531214216,411.3982531214216,411.39825312142165,411.39825312142165,279.1315915973498,495.3433815032242,495.3433815032242,495.3433815032242,495.3433815032242,495.3433815032242,278.94083592064953,344.28177893425436,344.28177893425436,344.2817789342543,344.2817789342543,344.28177893425436,8903.700699848272
SIDI AHMED BEN AISSA,,559.64595893666,559.6459589366599,559.6459589366599,235.9342453470387,106.93884237292718,617.7404393295227,617.7404393295228,617.7404393295228,617.7404393295228,212.76599980535772,31.379254231136542,402.14983576124,402.14983576124,402.14983576124,402.14983576124,144.40833365716674,105.60713529331582,426.0214165389117,426.0214165389117,426.0214165389117,426.0214165389117,8299.61845403562
NOUIRATE,,400.719108375675,400.719108375675,400.719108375675,404.17403382277547,217.4839711273912,361.3475243626613,361.3475243626613,361.3475243626613,361.3475243626613,366.6421118263155,258.0908892055376,348.1855159712129,348.1855159712129,348.1855159712129,348.1855159712129,347.6684779446232,474.1418424800258,519.9759591683302,519.9759591683303,519.9759591683302,519.9759591683303,8188.394649542513
CHBANATE,,316.2243152822935,316.22431528229356,316.22431528229356,309.5360430806119,94.62714946847954,642.710382547392,642.710382547392,642.7103825473921,642.7103825473921,269.7615729914047,94.89781992097741,359.8447999672205,359.8447999672205,359.8447999672205,359.84479996722047,177.78205971460676,130.44466409173708,391.9726132266414,391.97261322664144,391.9726132266414,391.9726132266414,7603.833438079715
BIR TALEB,,352.25665347199083,352.2566534719909,352.25665347199083,288.87659660382445,104.18928326183843,698.9728835912967,698.9728835912967,698.9728835912967,698.9728835912967,175.1481173072486,69.76132704879461,273.97279115435424,273.9727911543543,273.9727911543543,273.9727911543543,156.3600635218482,128.8426477520273,330.9289250124105,330.92892501241045,330.92892501241045,330.9289250124105,7195.446394943798
AZGHAR,,333.6885287932272,333.68852879322725,333.6885287932272,285.8742236650534,101.48858802046234,613.0337565603218,613.0337565603218,613.0337565603216,613.0337565603219,145.702077677361,116.68974449693866,354.56093097938697,354.56093097938697,354.5609309793869,354.56093097938697,124.56916967056573,80.76200503097236,306.9097103534893,306.9097103534893,306.90971035348934,306.9097103534893,6954.168986513829
SIDI AMEUR EL HADI,,421.1485805275472,421.1485805275472,421.1485805275472,335.2188668175911,168.32940209751501,421.4123086318072,421.4123086318072,421.4123086318072,421.41230863180726,333.3478678940837,59.46256682641124,301.286872527777,301.286872527777,301.286872527777,301.286872527777,240.787327023854,194.61689712019384,348.83260066342814,348.83260066342814,348.83260066342814,348.83260066342814,6881.335796654339
KARIAT BEN AOUDA,,308.01759065483543,308.01759065483543,308.01759065483543,389.0291868194939,230.35357539658492,230.35357539658486,230.35357539658492,230.35357539658486,230.35357539658492,413.75432099787696,216.73076807757207,216.73076807757207,216.73076807757207,216.73076807757207,216.73076807757207,299.2408518693632,228.19245514417457,228.19245514417457,228.19245514417457,228.19245514417457,228.19245514417455,5402.461124742897
SIDI MOHAMED BEN MANSOUR,,226.6898615921918,226.6898615921918,226.6898615921918,246.44423780819167,206.7171767339011,206.7171767339011,206.71717673390114,206.7171767339011,206.7171767339011,225.21856234510238,248.49228616312658,248.49228616312664,248.49228616312664,248.49228616312664,248.49228616312664,201.86631892034794,332.77661034531536,332.77661034531536,332.77661034531536,332.77661034531536,332.77661034531536,5293.5290700619325
OULAD BEN HAMMADI,,197.44946056343824,197.4494605634383,197.4494605634383,222.0525687610582,59.245319699802764,518.7593054385197,518.7593054385197,518.7593054385197,518.7593054385197,107.20708718221029,82.67545874836044,233.1603206826842,233.1603206826842,233.1603206826842,233.1603206826842,70.85559894910624,58.87895059583478,191.10749163747752,191.10749163747752,191.10749163747752,191.10749163747752,4965.371836661411
BOUMAIZ,,321.4064975764255,321.4064975764255,321.4064975764255,307.30164151565845,111.3994232769297,345.31994330053,345.3199433005299,345.3199433005299,345.31994330053,153.2324578446093,140.4979237322639,221.99066919596353,221.99066919596353,221.99066919596353,221.99066919596348,136.37546229992438,78.44716641686533,180.71079989156087,180.71079989156084,180.71079989156087,180.71079989156087,4883.559217367744
SIDI ALLAL TAZI,,218.49517084683288,218.4951708468329,218.4951708468329,261.5162995392564,178.80630582909677,178.80630582909677,178.8063058290968,178.8063058290968,178.80630582909677,200.82981224038514,201.79373661489444,201.79373661489444,201.79373661489447,201.79373661489444,201.79373661489447,214.34878536697693,318.1006516633995,318.1006516633995,318.1006516633995,318.1006516633995,318.1006516633995,4825.683880224072
ZIRARA,,163.53250107637294,163.53250107637294,163.53250107637294,183.30622477399038,85.66674554594152,387.01522514538334,387.0152251453834,387.01522514538334,387.01522514538334,109.21689251858581,82.90962755780389,233.0356299254174,233.0356299254174,233.0356299254174,233.0356299254174,76.84577420288088,65.02516154019224,198.68782619983148,198.6878261998315,198.68782619983148,198.68782619983148,4368.5226544510415
SFAFAA,,139.6523686000091,139.6523686000091,139.6523686000091,184.74124551034964,101.9817478070906,115.74761394447475,115.74761394447476,115.74761394447476,115.74761394447476,80.50126843362249,117.24588337834378,123.37751047060499,123.37751047060499,123.37751047060502,123.37751047060499,86.4934123839255,94.28806576623055,100.68000101939482,100.68000101939482,100.68000101939482,100.68000101939482,2443.429230817488
SIDI KACEM,,36.09125221175848,36.09125221175848,36.09125221175848,26.699307685235713,20.869336505485983,99.49470357391955,99.49470357391955,99.49470357391955,99.49470357391955,11.928462149323106,16.137904527456243,56.31602797058106,56.31602797058106,56.31602797058106,56.31602797058106,7.511662980418485,17.982489645433613,39.40063640394025,39.40063640394023,39.40063640394025,39.40063640394025,990.248391922392
DAR GUEDDARI,,12.82760662856158,12.82760662856158,12.82760662856158,15.56365420389811,9.98417290159936,9.98417290159936,9.98417290159936,9.98417290159936,9.98417290159936,5.973366823287665,10.762333844748108,10.762333844748108,10.762333844748108,10.762333844748108,10.762333844748108,30.209479885648843,72.26803539920583,72.26803539920583,72.26803539920583,72.26803539920583,72.26803539920583,555.3020315262858
MEHDIA,,33.81721329600615,33.81721329600615,33.81721329600615,14.08251412939932,24.646851212182142,24.646851212182142,24.646851212182142,24.64685121218214,24.646851212182142,10.491941121826171,31.63051240470138,31.63051240470138,31.63051240470139,31.63051240470138,31.63051240470139,9.924269594415403,18.556281165424423,18.556281165424423,18.556281165424423,18.556281165424423,18.556281165424423,510.11858864519905
SOUK ARBAA,,25.962175132159064,25.962175132159064,25.962175132159064,15.182581801231235,15.84019462572285,15.840194625722846,15.840194625722846,15.840194625722846,15.840194625722846,16.394282177542898,14.425068233810126,14.425068233810126,14.425068233810126,14.425068233810126,14.425068233810126,10.004640516728418,11.916208393111884,11.916208393111884,11.916208393111884,11.916208393111884,11.916208393111884,330.3753861552042
SIDI SLIMANE,,9.611874235133751,9.611874235133751,9.611874235133751,19.609326663842296,8.50692696347704,33.13740306795008,33.13740306795008,33.13740306795008,33.13740306795008,11.430044833828793,12.199340761036593,11.096999966215247,11.096999966215249,11.096999966215247,11.096999966215249,9.33358111384373,5.5461163547530825,11.12686149472704,11.12686149472704,11.12686149472704,11.12686149472704,316.9060175117523
HAD KOURT,,15.159801282767503,15.159801282767503,15.159801282767503,18.753443611486098,10.848460839867686,22.37403791850969,22.37403791850969,22.37403791850969,22.37403791850969,18.436966508418067,5.098881151482077,11.306205991091261,11.306205991091261,11.306205991091261,11.306205991091261,15.28619563809264,5.329102593323951,9.775579830537684,9.775579830537684,9.775579830537684,9.775579830537684,293.0557491515276
MECHRAA BEL KSIRI,,15.677514904258578,15.677514904258581,15.677514904258578,12.205452308481256,8.654294483881932,8.654294483881932,8.654294483881932,8.654294483881932,8.654294483881932,13.37383524637858,13.470149382850796,13.470149382850796,13.470149382850796,13.470149382850796,13.470149382850796,9.909082267228667,16.769025653782265,16.769025653782265,16.769025653782265,16.769025653782265,16.769025653782265,276.9882621374391
SIDI YAHYA EL GHARB,,16.213404927320294,16.213404927320294,16.213404927320294,11.287023059369258,6.6147104756673185,6.6147104756673185,6.6147104756673185,6.6147104756673185,6.6147104756673185,9.291175733295516,10.71196912469602,10.711969124696019,10.711969124696019,10.711969124696019,10.711969124696019,8.508303084513347,9.66176765403598,9.66176765403598,9.66176765403598,9.66176765403598,9.66176765403598,212.6689529311356
JORF EL MELHA,,4.314617940027573,4.314617940027574,4.314617940027574,7.840742226203468,3.657116962675207,13.585639545228245,13.585639545228245,13.585639545228245,13.585639545228245,3.680602738922718,1.2618575525500728,3.08407841966816,3.08407841966816,3.08407841966816,3.08407841966816,2.824132512494256,1.9482821858723958,3.834008508899165,3.834008508899165,3.834008508899165,3.834008508899165,116.1714938939831
